sample_id,rock_type,angle_deg,old_label,new_primary_mode,locus,mechanism,n_points,frac_of_specimen,frac_of_old_label,mixed_flag,mixed_flag_frac,secondary_descriptor,ambiguous,mapping_rule,source,granularity
8,Psammitic schist,0.0,shear,MS,matrix,shear,5793,0.2968181585284624,0.9507631708517972,False,0.0,MS-MT,True,"old='shear' (mechanism-only; legacy classifier collapsed locus via max(R_mat, R_wp) before labeling) -> new='MS': locus/mechanism resolved directly from the same underlying stress state by failure_mode_map_4class; old label alone was locus-ambiguous",cell38_production_grid,per-specimen aggregate over grid points with r<=0.985R
8,Psammitic schist,0.0,shear,no_failure,none,none,300,0.015371214838346057,0.049236829148202856,False,0.0,MS-WS,True,"old='shear' (mechanism-only; legacy classifier collapsed locus via max(R_mat, R_wp) before labeling) -> new='no_failure': locus/mechanism resolved directly from the same underlying stress state by failure_mode_map_4class; old label alone was locus-ambiguous",cell38_production_grid,per-specimen aggregate over grid points with r<=0.985R
8,Psammitic schist,0.0,no_failure,no_failure,none,none,13424,0.6878106266331916,1.0,False,0.0,MS-MT,False,old='no_failure' -> new='no_failure'; both classifiers agree the point-wise utility stays below util_min on the same stress state,cell38_production_grid,per-specimen aggregate over grid points with r<=0.985R
9,Psammitic schist,15.0,shear,WS,weak_plane,shear,56,0.002869293436491264,0.0094260225551254,False,0.35714285714285715,MS-WS,True,"old='shear' (mechanism-only; legacy classifier collapsed locus via max(R_mat, R_wp) before labeling) -> new='WS': locus/mechanism resolved directly from the same underlying stress state by failure_mode_map_4class; old label alone was locus-ambiguous",cell38_production_grid,per-specimen aggregate over grid points with r<=0.985R
9,Psammitic schist,15.0,shear,MS,matrix,shear,5389,0.2761182558794897,0.9070863490994782,False,0.005566895527927259,MS-MT,True,"old='shear' (mechanism-only; legacy classifier collapsed locus via max(R_mat, R_wp) before labeling) -> new='MS': locus/mechanism resolved directly from the same underlying stress state by failure_mode_map_4class; old label alone was locus-ambiguous",cell38_production_grid,per-specimen aggregate over grid points with r<=0.985R
9,Psammitic schist,15.0,shear,no_failure,none,none,496,0.02541374186606548,0.0834876283453964,False,0.0,MS-WS,True,"old='shear' (mechanism-only; legacy classifier collapsed locus via max(R_mat, R_wp) before labeling) -> new='no_failure': locus/mechanism resolved directly from the same underlying stress state by failure_mode_map_4class; old label alone was locus-ambiguous",cell38_production_grid,per-specimen aggregate over grid points with r<=0.985R
9,Psammitic schist,15.0,no_failure,no_failure,none,none,13576,0.6955987088179536,1.0,False,0.0,MS-MT,False,old='no_failure' -> new='no_failure'; both classifiers agree the point-wise utility stays below util_min on the same stress state,cell38_production_grid,per-specimen aggregate over grid points with r<=0.985R
10,Psammitic schist,30.0,shear,WS,weak_plane,shear,658,0.033714197878772355,0.07459471715225031,False,0.42249240121580545,MS-WS,True,"old='shear' (mechanism-only; legacy classifier collapsed locus via max(R_mat, R_wp) before labeling) -> new='WS': locus/mechanism resolved directly from the same underlying stress state by failure_mode_map_4class; old label alone was locus-ambiguous",cell38_production_grid,per-specimen aggregate over grid points with r<=0.985R
10,Psammitic schist,30.0,shear,MS,matrix,shear,7473,0.3828969616232003,0.8471828590862714,False,0.05111735581426469,MS-MT,True,"old='shear' (mechanism-only; legacy classifier collapsed locus via max(R_mat, R_wp) before labeling) -> new='MS': locus/mechanism resolved directly from the same underlying stress state by failure_mode_map_4class; old label alone was locus-ambiguous",cell38_production_grid,per-specimen aggregate over grid points with r<=0.985R
10,Psammitic schist,30.0,shear,no_failure,none,none,690,0.035353794128195934,0.0782224237614783,False,0.0,MS-WS,True,"old='shear' (mechanism-only; legacy classifier collapsed locus via max(R_mat, R_wp) before labeling) -> new='no_failure': locus/mechanism resolved directly from the same underlying stress state by failure_mode_map_4class; old label alone was locus-ambiguous",cell38_production_grid,per-specimen aggregate over grid points with r<=0.985R
10,Psammitic schist,30.0,mixed,MS,matrix,shear,610,0.03125480350463698,1.0,False,0.0,MS-MT,True,"old='mixed' (mechanism-only; legacy classifier collapsed locus via max(R_mat, R_wp) before labeling) -> new='MS': locus/mechanism resolved directly from the same underlying stress state by failure_mode_map_4class; old label alone was locus-ambiguous",cell38_production_grid,per-specimen aggregate over grid points with r<=0.985R
10,Psammitic schist,30.0,no_failure,no_failure,none,none,10086,0.5167802428651944,1.0,False,0.0,MS-WS,False,old='no_failure' -> new='no_failure'; both classifiers agree the point-wise utility stays below util_min on the same stress state,cell38_production_grid,per-specimen aggregate over grid points with r<=0.985R
11,Psammitic schist,45.0,shear,WS,weak_plane,shear,1753,0.08981913203873546,0.242294402211472,False,0.3377067883628066,MS-WS,True,"old='shear' (mechanism-only; legacy classifier collapsed locus via max(R_mat, R_wp) before labeling) -> new='WS': locus/mechanism resolved directly from the same underlying stress state by failure_mode_map_4class; old label alone was locus-ambiguous",cell38_production_grid,per-specimen aggregate over grid points with r<=0.985R
11,Psammitic schist,45.0,shear,MS,matrix,shear,4738,0.24276271968027874,0.6548721492743608,False,0.14731954411143944,MS-WS,True,"old='shear' (mechanism-only; legacy classifier collapsed locus via max(R_mat, R_wp) before labeling) -> new='MS': locus/mechanism resolved directly from the same underlying stress state by failure_mode_map_4class; old label alone was locus-ambiguous",cell38_production_grid,per-specimen aggregate over grid points with r<=0.985R
11,Psammitic schist,45.0,shear,no_failure,none,none,744,0.03812061279909822,0.10283344851416724,False,0.0,MS-WS,True,"old='shear' (mechanism-only; legacy classifier collapsed locus via max(R_mat, R_wp) before labeling) -> new='no_failure': locus/mechanism resolved directly from the same underlying stress state by failure_mode_map_4class; old label alone was locus-ambiguous",cell38_production_grid,per-specimen aggregate over grid points with r<=0.985R
11,Psammitic schist,45.0,mixed,MS,matrix,shear,2278,0.11671875800584106,1.0,False,0.0,MS-MT,True,"old='mixed' (mechanism-only; legacy classifier collapsed locus via max(R_mat, R_wp) before labeling) -> new='MS': locus/mechanism resolved directly from the same underlying stress state by failure_mode_map_4class; old label alone was locus-ambiguous",cell38_production_grid,per-specimen aggregate over grid points with r<=0.985R
11,Psammitic schist,45.0,no_failure,no_failure,none,none,10004,0.5125787774760465,1.0,False,0.0,MS-WS,False,old='no_failure' -> new='no_failure'; both classifiers agree the point-wise utility stays below util_min on the same stress state,cell38_production_grid,per-specimen aggregate over grid points with r<=0.985R
12,Psammitic schist,60.0,shear,WS,weak_plane,shear,1186,0.060767535994261414,0.34178674351585014,False,0.23440134907251264,MS-WS,True,"old='shear' (mechanism-only; legacy classifier collapsed locus via max(R_mat, R_wp) before labeling) -> new='WS': locus/mechanism resolved directly from the same underlying stress state by failure_mode_map_4class; old label alone was locus-ambiguous",cell38_production_grid,per-specimen aggregate over grid points with r<=0.985R
12,Psammitic schist,60.0,shear,MS,matrix,shear,1480,0.07583132653584054,0.4265129682997118,False,0.0972972972972973,MS-MT,True,"old='shear' (mechanism-only; legacy classifier collapsed locus via max(R_mat, R_wp) before labeling) -> new='MS': locus/mechanism resolved directly from the same underlying stress state by failure_mode_map_4class; old label alone was locus-ambiguous",cell38_production_grid,per-specimen aggregate over grid points with r<=0.985R
12,Psammitic schist,60.0,shear,no_failure,none,none,804,0.04119485576676744,0.23170028818443805,False,0.0,MS-WS,True,"old='shear' (mechanism-only; legacy classifier collapsed locus via max(R_mat, R_wp) before labeling) -> new='no_failure': locus/mechanism resolved directly from the same underlying stress state by failure_mode_map_4class; old label alone was locus-ambiguous",cell38_production_grid,per-specimen aggregate over grid points with r<=0.985R
12,Psammitic schist,60.0,mixed,WT,weak_plane,tensile,10,0.0005123738279448686,0.00398247710075667,True,0.8,MS-WT,True,"old='mixed' (mechanism-only; legacy classifier collapsed locus via max(R_mat, R_wp) before labeling) -> new='WT': locus/mechanism resolved directly from the same underlying stress state by failure_mode_map_4class; old label alone was locus-ambiguous",cell38_production_grid,per-specimen aggregate over grid points with r<=0.985R
12,Psammitic schist,60.0,mixed,WS,weak_plane,shear,10,0.0005123738279448686,0.00398247710075667,True,1.0,MS-WS,True,"old='mixed' (mechanism-only; legacy classifier collapsed locus via max(R_mat, R_wp) before labeling) -> new='WS': locus/mechanism resolved directly from the same underlying stress state by failure_mode_map_4class; old label alone was locus-ambiguous",cell38_production_grid,per-specimen aggregate over grid points with r<=0.985R
12,Psammitic schist,60.0,mixed,MT,matrix,tensile,197,0.010093764410513911,0.07845479888490642,True,1.0,MS-MT,True,"old='mixed' (mechanism-only; legacy classifier collapsed locus via max(R_mat, R_wp) before labeling) -> new='MT': locus/mechanism resolved directly from the same underlying stress state by failure_mode_map_4class; old label alone was locus-ambiguous",cell38_production_grid,per-specimen aggregate over grid points with r<=0.985R
12,Psammitic schist,60.0,mixed,MS,matrix,shear,2252,0.1153865860531844,0.8968538430904023,True,0.6980461811722913,MS-MT,True,"old='mixed' (mechanism-only; legacy classifier collapsed locus via max(R_mat, R_wp) before labeling) -> new='MS': locus/mechanism resolved directly from the same underlying stress state by failure_mode_map_4class; old label alone was locus-ambiguous",cell38_production_grid,per-specimen aggregate over grid points with r<=0.985R
12,Psammitic schist,60.0,mixed,no_failure,none,none,42,0.002151970077368448,0.016726403823178016,False,0.0,MS-MT,True,"old='mixed' (mechanism-only; legacy classifier collapsed locus via max(R_mat, R_wp) before labeling) -> new='no_failure': locus/mechanism resolved directly from the same underlying stress state by failure_mode_map_4class; old label alone was locus-ambiguous",cell38_production_grid,per-specimen aggregate over grid points with r<=0.985R
12,Psammitic schist,60.0,no_failure,no_failure,none,none,13536,0.6935492135061742,1.0,False,0.0,MS-MT,False,old='no_failure' -> new='no_failure'; both classifiers agree the point-wise utility stays below util_min on the same stress state,cell38_production_grid,per-specimen aggregate over grid points with r<=0.985R
13,Psammitic schist,75.0,tensile,WT,weak_plane,tensile,1269,0.06502023876620382,1.0,False,0.02206461780929866,MT-WT,True,"old='tensile' (mechanism-only; legacy classifier collapsed locus via max(R_mat, R_wp) before labeling) -> new='WT': locus/mechanism resolved directly from the same underlying stress state by failure_mode_map_4class; old label alone was locus-ambiguous",cell38_production_grid,per-specimen aggregate over grid points with r<=0.985R
13,Psammitic schist,75.0,shear,no_failure,none,none,408,0.02090485218015064,1.0,False,0.0,MS-WS,True,"old='shear' (mechanism-only; legacy classifier collapsed locus via max(R_mat, R_wp) before labeling) -> new='no_failure': locus/mechanism resolved directly from the same underlying stress state by failure_mode_map_4class; old label alone was locus-ambiguous",cell38_production_grid,per-specimen aggregate over grid points with r<=0.985R
13,Psammitic schist,75.0,mixed,WT,weak_plane,tensile,4,0.00020494953117794742,0.5,False,0.0,MS-WT,True,"old='mixed' (mechanism-only; legacy classifier collapsed locus via max(R_mat, R_wp) before labeling) -> new='WT': locus/mechanism resolved directly from the same underlying stress state by failure_mode_map_4class; old label alone was locus-ambiguous",cell38_production_grid,per-specimen aggregate over grid points with r<=0.985R
13,Psammitic schist,75.0,mixed,no_failure,none,none,4,0.00020494953117794742,0.5,False,0.0,MT-WS,True,"old='mixed' (mechanism-only; legacy classifier collapsed locus via max(R_mat, R_wp) before labeling) -> new='no_failure': locus/mechanism resolved directly from the same underlying stress state by failure_mode_map_4class; old label alone was locus-ambiguous",cell38_production_grid,per-specimen aggregate over grid points with r<=0.985R
13,Psammitic schist,75.0,no_failure,no_failure,none,none,17832,0.9136650099912896,1.0,False,0.0,MS-MT,False,old='no_failure' -> new='no_failure'; both classifiers agree the point-wise utility stays below util_min on the same stress state,cell38_production_grid,per-specimen aggregate over grid points with r<=0.985R
14,Psammitic schist,90.0,tensile,WT,weak_plane,tensile,1721,0.08817953578931188,1.0,False,0.0,MT-WT,True,"old='tensile' (mechanism-only; legacy classifier collapsed locus via max(R_mat, R_wp) before labeling) -> new='WT': locus/mechanism resolved directly from the same underlying stress state by failure_mode_map_4class; old label alone was locus-ambiguous",cell38_production_grid,per-specimen aggregate over grid points with r<=0.985R
14,Psammitic schist,90.0,shear,no_failure,none,none,392,0.02008505405543885,1.0,False,0.0,MS-WS,True,"old='shear' (mechanism-only; legacy classifier collapsed locus via max(R_mat, R_wp) before labeling) -> new='no_failure': locus/mechanism resolved directly from the same underlying stress state by failure_mode_map_4class; old label alone was locus-ambiguous",cell38_production_grid,per-specimen aggregate over grid points with r<=0.985R
14,Psammitic schist,90.0,mixed,WT,weak_plane,tensile,96,0.004918788748270738,1.0,False,0.08333333333333333,MS-WT,True,"old='mixed' (mechanism-only; legacy classifier collapsed locus via max(R_mat, R_wp) before labeling) -> new='WT': locus/mechanism resolved directly from the same underlying stress state by failure_mode_map_4class; old label alone was locus-ambiguous",cell38_production_grid,per-specimen aggregate over grid points with r<=0.985R
14,Psammitic schist,90.0,no_failure,no_failure,none,none,17308,0.8868166214069785,1.0,False,0.0,MS-MT,False,old='no_failure' -> new='no_failure'; both classifiers agree the point-wise utility stays below util_min on the same stress state,cell38_production_grid,per-specimen aggregate over grid points with r<=0.985R
