sample,lithology,lithology_key,angle_deg,regime,mean_stress_offset_MPa,total_U_MJ_m3,WT_MJ_m3,WT_pct,WS_MJ_m3,WS_pct,MT_MJ_m3,MT_pct,MS_MJ_m3,MS_pct,below_threshold_MJ_m3,below_threshold_pct,weak_plane_pct,matrix_pct,tensile_pct,shear_pct,mixed_flag_pct,T_m_MPa,c_m_MPa,phi_m_deg,status,reason
1,Augen Gneiss,augen_gneiss,0,Thrust,0.5,574.7787842516758,0.29366135167578794,0.05109119538190953,3.3050255933638413,0.5750082786487618,1.330229276386342,0.231433259687588,380.2585348680595,66.15737137255877,189.59133316219032,32.98509589372297,0.6260994740306713,66.38880463224636,0.2825244550694975,66.73237965120754,0.5418183589377509,10.40857142857143,9.22,37.89,computed,
1,Augen Gneiss,augen_gneiss,0,Strike-Slip,0.0,574.7787842516758,0.2593403599691602,0.04512003001412175,3.221746058884972,0.5605193071069026,1.316231130280335,0.22899786254184404,378.02041293459627,65.76798296874405,191.9610537679451,33.397379831593085,0.6056393371210244,65.9969808312859,0.2741178925559658,66.32850227585095,0.4851806735050507,10.40857142857143,9.22,37.89,computed,
1,Augen Gneiss,augen_gneiss,0,Extensional,-0.5,574.7787842516758,0.2545181737551092,0.04428106616469415,3.011267287040404,0.5239002150994275,1.316231130280335,0.22899786254184404,373.5819061964921,64.99577166594122,196.6148614641078,34.20704919025281,0.5681812812641217,65.22476952848307,0.2732789287065382,65.51967188104065,0.3712917616515966,10.40857142857143,9.22,37.89,computed,
2,Augen Gneiss,augen_gneiss,15,Thrust,0.5,334.8317221966138,0.2821858518667567,0.0842769167794253,4.029342199528034,1.2033932069202204,0.6885809646476697,0.20564985901883387,219.99613044504923,65.70349099595381,109.83548273552206,32.8031890213277,1.2876701236996457,65.90914085497265,0.28992677579825915,66.90688420287404,0.6426531815238261,9.84,8.51,37.01,computed,
2,Augen Gneiss,augen_gneiss,15,Strike-Slip,0.0,334.8317221966138,0.27647967312770566,0.08257272378910271,3.9100755216478866,1.1677733208778478,0.6716476520686658,0.20059259847377098,217.4345358413379,64.9384515943982,112.53898350843161,33.610609762461074,1.2503460446669505,65.13904419287198,0.2831653222628737,66.10622491527604,0.6952708158814185,9.84,8.51,37.01,computed,
2,Augen Gneiss,augen_gneiss,15,Extensional,-0.5,334.8317221966138,0.2505987860962829,0.07484320316255186,3.921415746554599,1.1711601639261457,0.6629567970985877,0.1979970095871915,215.66444886025153,64.40980186865717,114.33230200661279,34.14619775466694,1.2460033670886976,64.60779887824437,0.27284021274974335,65.58096203258332,0.7220858587415083,9.84,8.51,37.01,computed,
3,Augen Gneiss,augen_gneiss,30,Thrust,0.5,429.07538113990665,0.07844841760421974,0.01828313183473941,9.853410366058371,2.2964287393700444,1.1330920789420926,0.2640776256917501,306.10289033898005,71.34011966050564,111.90753993832189,26.08109084259782,2.314711871204784,71.60419728619739,0.2823607575264895,73.63654839987568,2.363175951423331,9.898333333333332,5.31,33.97,computed,
3,Augen Gneiss,augen_gneiss,30,Strike-Slip,0.0,429.07538113990665,0.07208107548222088,0.01679916365528269,10.267058524400406,2.3928332819105913,1.1045014737835555,0.2574143197983703,303.4206247960374,70.71499278051154,114.21111527020308,26.61796045412421,2.409632445565874,70.97240710030991,0.274213483453653,73.10782606242213,2.3955147699132016,9.898333333333332,5.31,33.97,computed,
3,Augen Gneiss,augen_gneiss,30,Extensional,-0.5,429.07538113990665,0.06674497981993699,0.015555537034685698,10.662066649210487,2.4848935916306876,1.0607404855225107,0.24721541532037697,301.6601640341461,70.30470106039132,115.62566499120757,26.94763439562291,2.500449128665373,70.5519164757117,0.26277095235506265,72.78959465202202,2.561411358856377,9.898333333333332,5.31,33.97,computed,
4,Augen Gneiss,augen_gneiss,45,Thrust,0.5,200.05953137890714,0.2834287067621946,0.14167218367886136,8.349343500335443,4.173429500103158,0.5099128403075301,0.25488055319982206,142.0415207035117,70.99962682332243,48.87532562799028,24.430390939695737,4.315101683782019,71.25450737652226,0.3965527368786834,75.17305632342558,2.546993583773438,8.945,4.09,33.97,computed,
4,Augen Gneiss,augen_gneiss,45,Strike-Slip,0.0,200.05953137890714,0.26231134033233827,0.13111664239357232,8.327078216448498,4.1623001708812595,0.4755692178173353,0.23771385174177007,141.45653201940223,70.70721951831804,49.53804058490675,24.76164981666537,4.293416813274832,70.94493337005981,0.3688304941353424,74.86951968919931,2.452771695590435,8.945,4.09,33.97,computed,
4,Augen Gneiss,augen_gneiss,45,Extensional,-0.5,200.05953137890714,0.24188802163723444,0.12090802171234986,8.22808306955821,4.112817326345952,0.46518171513486956,0.23252164589640492,140.4130143886437,70.18561596183358,50.711364183933135,25.348137044211725,4.233725348058302,70.41813760772997,0.35342966760875477,74.29843328817952,2.4541176488385115,8.945,4.09,33.97,computed,
5,Augen Gneiss,augen_gneiss,60,Thrust,0.5,270.50633193445105,0.5785328877503251,0.21387036806610313,34.856833745708194,12.885773688341862,0.4126843668315685,0.15255996555805945,177.26164685754844,65.52957396224735,57.39663407661257,21.218222015786637,13.099644056407966,65.68213392780541,0.36643033362416255,78.41534765058921,9.086119608931314,8.676666666666668,3.27,33.97,computed,
5,Augen Gneiss,augen_gneiss,60,Strike-Slip,0.0,270.50633193445105,0.5492899634075388,0.20305992820184424,35.11171934013174,12.97999905918653,0.38004720132683223,0.14049475241818926,175.93561120761464,65.03936893064937,58.52966422197032,21.637077329544063,13.183058987388375,65.17986368306757,0.34355468062003347,78.0193679898359,8.10014333007602,8.676666666666668,3.27,33.97,computed,
5,Augen Gneiss,augen_gneiss,60,Extensional,-0.5,270.50633193445105,0.539163986604397,0.19931658632488017,35.353584746820005,13.069411164610694,0.3267732309375849,0.12080058481469057,175.13258836720092,64.74250976485051,59.15422160288819,21.867961899399237,13.268727750935573,64.8633103496652,0.3201171711395707,77.81192092946121,7.979513107437645,8.676666666666668,3.27,33.97,computed,
6,Augen Gneiss,augen_gneiss,75,Thrust,0.5,183.0228471225792,17.722244480438377,9.68307769169875,25.066367843667905,13.695758883523297,1.8099428301559737,0.9889163340048841,70.87851772393154,38.72659552523559,67.54577424438543,36.90565156553748,23.378836575222046,39.71551185924047,10.671994025703635,52.422354408758885,4.368781673332686,6.866,10.76,36.65,computed,
6,Augen Gneiss,augen_gneiss,75,Strike-Slip,0.0,183.0228471225792,14.840702341848127,8.108661063451054,25.844953789841124,14.121162574053672,1.7291765266424863,0.9447872513339133,69.69900533666492,38.08213369666583,70.90900912758256,38.74325541449554,22.229823637504726,39.02692094799974,9.053448314784967,52.2032962707195,4.398064815707512,6.866,10.76,36.65,computed,
6,Augen Gneiss,augen_gneiss,75,Extensional,-0.5,183.0228471225792,11.460535148445192,6.261805740990097,26.877032666627933,14.685069699864897,1.6654722776926825,0.9099805318716497,68.1751879415207,37.24955054155643,74.84461908829272,40.893593485716934,20.946875440854996,38.15953107342808,7.1717862728617465,51.93462024142133,4.762032613469205,6.866,10.76,36.65,computed,
7,Augen Gneiss,augen_gneiss,90,Thrust,0.5,100.45154008964282,15.923444692584763,15.851867157412123,0.9673741512295138,0.9630257041019286,0.8587633791228806,0.8549031486789763,32.90294271401733,32.755040574444934,49.799015152688334,49.575163415362034,16.81489286151405,33.60994372312391,16.706770306091098,33.718066278546864,2.234428537187154,7.25,10.76,36.65,computed,
7,Augen Gneiss,augen_gneiss,90,Strike-Slip,0.0,100.45154008964282,14.213964771463932,14.150071525811759,0.6747319530334798,0.6716989629341172,0.7838980845840962,0.7803743814027606,30.693133999151776,30.555165178912407,54.08581128140953,53.84268995093896,14.821770488745877,31.33553956031517,14.93044590721452,31.226864141846523,2.4744196714687945,7.25,10.76,36.65,computed,
7,Augen Gneiss,augen_gneiss,90,Extensional,-0.5,100.45154008964282,12.8254178671406,12.767766283817267,0.5904677551927882,0.5878135414010134,0.7367511775951526,0.7334394046499206,27.43926670756471,27.315924358230788,58.85963658214956,58.595056411901005,13.35557982521828,28.04936376288071,13.501205688467188,27.9037378996318,2.2153256638941086,7.25,10.76,36.65,computed,
8,Psammitic Schist,psammitic_schist,0,Thrust,0.5,1051.2534321046812,1.7761371120349687,0.1689542271913463,6.79927918023138,0.6467783098333157,0.2430748307074042,0.023122381652609856,760.5712321821245,72.34898921180299,281.86370879958275,26.812155869519717,0.8157325370246621,72.3721115934556,0.19207660884395616,72.99576752163631,0.7745127772390887,9.57,5.94,28.03,computed,
8,Psammitic Schist,psammitic_schist,0,Strike-Slip,0.0,1051.2534321046812,1.712874148858186,0.16293636686910928,6.538189324809884,0.6219422572271637,0.2430748307074042,0.023122381652609856,756.81014604456,71.99121762003425,285.9491477557456,27.20078137421686,0.784878624096273,72.01434000168686,0.18605874852171914,72.61315987726141,0.8125559732149543,9.57,5.94,28.03,computed,
8,Psammitic Schist,psammitic_schist,0,Extensional,-0.5,1051.2534321046812,1.7093792140842166,0.1626039128035875,6.444304375573648,0.6130114945424445,0.2430748307074042,0.023122381652609856,753.6002415406782,71.68587692807043,289.25643214363765,27.51538528293092,0.775615407346032,71.70899930972304,0.18572629445619734,72.29888842261288,0.8619368545180381,9.57,5.94,28.03,computed,
9,Psammitic Schist,psammitic_schist,15,Thrust,0.5,1120.8739386287125,0.9298722885490105,0.08295957792422445,10.875967731289578,0.9703114111650536,2.2844566738679264,0.20381031221608667,801.868552765527,71.53958399162535,304.91508916947896,27.203334707069278,1.053270989089278,71.74339430384144,0.2867698901403111,72.5098954027904,1.2508959858248816,8.436666666666666,5.94,28.03,computed,
9,Psammitic Schist,psammitic_schist,15,Strike-Slip,0.0,1120.8739386287125,0.8660242684678745,0.07726330665938906,11.079080726129902,0.9884323601710423,2.2583024209943927,0.20147693180887233,799.6154791205829,71.33857355081695,307.0550520925375,27.394253850543752,1.0656956668304314,71.54005048262582,0.2787402384682614,72.32700591098799,1.3325363324908408,8.436666666666666,5.94,28.03,computed,
9,Psammitic Schist,psammitic_schist,15,Extensional,-0.5,1120.8739386287125,0.8474066783235774,0.0756023178985054,11.127606082825647,0.9927616031861051,2.188886120247774,0.1952838802662927,795.5175919482408,70.97297604416465,311.1924477990747,27.763376154484458,1.0683639210846105,71.16825992443094,0.2708861981647981,71.96573764735076,1.358682936450612,8.436666666666666,5.94,28.03,computed,
10,Psammitic Schist,psammitic_schist,30,Thrust,0.5,788.3650462170727,0.8886133187775851,0.11271597124219908,18.593640339308912,2.358506434110631,1.764847248127639,0.22386168141220408,595.5360004148304,75.5406398688625,171.5819448960282,21.76427604437246,2.4712224053528304,75.7645015502747,0.33657765265440315,77.89914630297314,2.5987886627157493,8.106666666666667,3.08,24.01,computed,
10,Psammitic Schist,psammitic_schist,30,Strike-Slip,0.0,788.3650462170727,0.8796572732480513,0.11157994351335582,18.993406352343825,2.409214670726799,1.7451027991452537,0.22135720089557948,593.6458079237002,75.30087879622234,173.10107186863536,21.95696938864192,2.5207946142401547,75.52223599711792,0.3329371444089353,77.71009346694913,2.6246295312194583,8.106666666666667,3.08,24.01,computed,
10,Psammitic Schist,psammitic_schist,30,Extensional,-0.5,788.3650462170727,0.8657844278787303,0.10982024533344677,20.19953339417504,2.562205604003046,1.6685802444716182,0.2116507133945386,591.8716595239246,75.07583731216761,173.75948862662273,22.040486125101346,2.672025849336493,75.28748802556214,0.32147095872798537,77.63804291617065,2.816564702347333,8.106666666666667,3.08,24.01,computed,
11,Psammitic Schist,psammitic_schist,45,Thrust,0.5,876.1852529032326,1.9007490073457698,0.21693460384635024,42.10759138631025,4.805786361592722,1.1598432397706682,0.13237420236502923,679.2982603286881,77.52906797710175,151.71880894111797,17.315836855094165,5.022720965439072,77.66144217946677,0.3493088062113795,82.33485433869447,5.984489086963304,6.859999999999999,2.29,24.01,computed,
11,Psammitic Schist,psammitic_schist,45,Strike-Slip,0.0,876.1852529032326,1.8853698899679132,0.21517936802984935,42.95940364766701,4.903004644887755,1.0963207579032366,0.12512431067181132,676.9488201462302,77.26092374907772,153.29533846146438,17.495767927332896,5.118184012917604,77.38604805974953,0.3403036787016607,82.16392839396548,6.067402572231434,6.859999999999999,2.29,24.01,computed,
11,Psammitic Schist,psammitic_schist,45,Extensional,-0.5,876.1852529032326,1.8540893228333137,0.21160928201996143,42.88357005476952,4.894349672363826,1.08014396270379,0.12327803499599452,674.6765212781979,77.00158374529391,155.6909282847281,17.76917926532631,5.105958954383787,77.1248617802899,0.334887317015956,81.89593341765774,6.163546810928985,6.859999999999999,2.29,24.01,computed,
12,Psammitic Schist,psammitic_schist,60,Thrust,0.5,556.637296244623,1.7710383322877212,0.3181673855194587,71.89512002312438,12.915972484806145,3.566330143247122,0.6406919132633617,394.7961830602685,70.92521211276672,84.60862468569529,15.199956103644318,13.234139870325604,71.56590402603008,0.9588592987828204,83.84118459757286,11.026764673802656,5.8999999999999995,3.24,27.81,computed,
12,Psammitic Schist,psammitic_schist,60,Strike-Slip,0.0,556.637296244623,1.676773955061385,0.3012327715684542,67.05585414857055,12.046597416480298,3.467984070010444,0.6230240218194765,398.1134751696768,71.52116429415818,86.32320890130396,15.507981495973612,12.347830188048752,72.14418831597766,0.9242567933879307,83.56776171063848,11.270931609910182,5.8999999999999995,3.24,27.81,computed,
12,Psammitic Schist,psammitic_schist,60,Extensional,-0.5,556.637296244623,1.606887804299375,0.2886777108074345,65.90284003535345,11.839458203747707,3.34891168593155,0.6016326445470189,397.79532478997805,71.46400851572845,87.98333192906065,15.80622292516939,12.128135914555141,72.06564116027548,0.8903103553544534,83.30346671947616,11.58946703140253,5.8999999999999995,3.24,27.81,computed,
13,Psammitic Schist,psammitic_schist,75,Thrust,0.5,329.257154176736,28.36883283281127,8.616011063979396,56.67432414848362,17.212784423831362,5.45763719139744,1.6575607005544164,161.6825811906329,49.10525986744277,77.07377881341077,23.408383944192064,25.82879548781076,50.76282056799718,10.273571764533813,66.31804429127413,5.818739438540155,3.4675,6.31,30.970000000000002,computed,
13,Psammitic Schist,psammitic_schist,75,Strike-Slip,0.0,329.257154176736,20.671170392889913,6.278123384919438,61.137068088304275,18.568182137505694,5.113526401850345,1.5530494438719313,162.64130288539909,49.39643704692224,79.69408640829238,24.204207986780702,24.846305522425133,50.94948649079417,7.83117282879137,67.96461918442793,6.243322833534894,3.4675,6.31,30.970000000000002,computed,
13,Psammitic Schist,psammitic_schist,75,Extensional,-0.5,329.257154176736,13.555040405818538,4.116855240309395,64.52911997241341,19.598395707986953,4.848256445947797,1.4724832503853171,164.0967370069541,49.838472733343124,82.2280003456021,24.973793067975198,23.715250948296347,51.31095598372844,5.589338490694712,69.43686844133008,5.661599534416345,3.4675,6.31,30.970000000000002,computed,
14,Psammitic Schist,psammitic_schist,90,Thrust,0.5,296.19462036598196,39.08401061310806,13.195381659807104,29.92309131077751,10.102510057003787,2.71708666537236,0.917331537627217,158.27844265423556,53.43731174410414,66.1919891224885,22.34746500145776,23.29789171681089,54.35464328173136,14.11271319743432,63.539821801107934,5.718463587069399,5.003333333333334,6.31,30.970000000000002,computed,
14,Psammitic Schist,psammitic_schist,90,Strike-Slip,0.0,296.19462036598196,35.01086946882032,11.820224629860066,30.19178790958331,10.193226288944054,2.6738903269742296,0.9027477689062468,160.82805034775947,54.298099725456936,67.49002231284462,22.78570158683269,22.013450918804118,55.20084749436318,12.722972398766313,64.49132601440098,6.18290448360793,5.003333333333334,6.31,30.970000000000002,computed,
14,Psammitic Schist,psammitic_schist,90,Extensional,-0.5,296.19462036598196,31.259340255181108,10.553648886855763,30.511621340214973,10.301207126082984,2.66421700923311,0.8994819034664331,162.3433610731593,54.80969265159701,69.41608068819347,23.435969431997805,20.854856012938747,55.70917455506344,11.453130790322197,65.11089977767999,6.541482764683114,5.003333333333334,6.31,30.970000000000002,computed,
