Lithology,Sample,Rock,Angle_deg,k_max,NoFailure_pts,Tensile_pts,Shear_pts,Mixed_pts,FailedTotal_pts,AllValid_pts,MixedFraction_failed
Augen gneiss,1,Augen Gneiss,0.0,0.1,38,3374,0,528,3902,3940,0.1353152229625833
Augen gneiss,1,Augen Gneiss,0.0,0.175,38,3374,0,528,3902,3940,0.1353152229625833
Augen gneiss,1,Augen Gneiss,0.0,0.25,38,3374,0,528,3902,3940,0.1353152229625833
Augen gneiss,1,Augen Gneiss,0.0,0.32499999999999996,38,3374,0,528,3902,3940,0.1353152229625833
Augen gneiss,1,Augen Gneiss,0.0,0.4,38,3374,0,528,3902,3940,0.1353152229625833
Augen gneiss,1,Augen Gneiss,0.0,0.475,38,3374,0,528,3902,3940,0.1353152229625833
Augen gneiss,1,Augen Gneiss,0.0,0.5499999999999999,38,3374,0,528,3902,3940,0.1353152229625833
Augen gneiss,1,Augen Gneiss,0.0,0.625,36,3374,2,528,3904,3940,0.13524590163934427
Augen gneiss,1,Augen Gneiss,0.0,0.7,34,3374,4,528,3906,3940,0.13517665130568357
Augen gneiss,2,Augen Gneiss,15.0,0.1,40,3403,0,497,3900,3940,0.12743589743589745
Augen gneiss,2,Augen Gneiss,15.0,0.175,40,3403,0,497,3900,3940,0.12743589743589745
Augen gneiss,2,Augen Gneiss,15.0,0.25,40,3403,0,497,3900,3940,0.12743589743589745
Augen gneiss,2,Augen Gneiss,15.0,0.32499999999999996,40,3403,0,497,3900,3940,0.12743589743589745
Augen gneiss,2,Augen Gneiss,15.0,0.4,40,3403,0,497,3900,3940,0.12743589743589745
Augen gneiss,2,Augen Gneiss,15.0,0.475,40,3403,0,497,3900,3940,0.12743589743589745
Augen gneiss,2,Augen Gneiss,15.0,0.5499999999999999,40,3403,0,497,3900,3940,0.12743589743589745
Augen gneiss,2,Augen Gneiss,15.0,0.625,38,3403,2,497,3902,3940,0.1273705791901589
Augen gneiss,2,Augen Gneiss,15.0,0.7,33,3403,7,497,3907,3940,0.12720757614538009
Augen gneiss,3,Augen Gneiss,30.0,0.1,49,3622,0,269,3891,3940,0.06913389874068362
Augen gneiss,3,Augen Gneiss,30.0,0.175,49,3622,0,269,3891,3940,0.06913389874068362
Augen gneiss,3,Augen Gneiss,30.0,0.25,49,3622,0,269,3891,3940,0.06913389874068362
Augen gneiss,3,Augen Gneiss,30.0,0.32499999999999996,48,3622,1,269,3892,3940,0.06911613566289826
Augen gneiss,3,Augen Gneiss,30.0,0.4,45,3622,4,269,3895,3940,0.06906290115532734
Augen gneiss,3,Augen Gneiss,30.0,0.475,42,3622,7,269,3898,3940,0.06900974858902001
Augen gneiss,3,Augen Gneiss,30.0,0.5499999999999999,38,3622,11,269,3902,3940,0.06893900563813429
Augen gneiss,3,Augen Gneiss,30.0,0.625,31,3622,18,269,3909,3940,0.06881555385008954
Augen gneiss,3,Augen Gneiss,30.0,0.7,28,3622,21,269,3912,3940,0.06876278118609407
Augen gneiss,4,Augen Gneiss,45.0,0.1,57,3481,0,402,3883,3940,0.1035281998454803
Augen gneiss,4,Augen Gneiss,45.0,0.175,57,3481,0,402,3883,3940,0.1035281998454803
Augen gneiss,4,Augen Gneiss,45.0,0.25,57,3481,0,402,3883,3940,0.1035281998454803
Augen gneiss,4,Augen Gneiss,45.0,0.32499999999999996,55,3481,2,402,3885,3940,0.10347490347490347
Augen gneiss,4,Augen Gneiss,45.0,0.4,52,3481,5,402,3888,3940,0.10339506172839506
Augen gneiss,4,Augen Gneiss,45.0,0.475,50,3481,7,402,3890,3940,0.10334190231362468
Augen gneiss,4,Augen Gneiss,45.0,0.5499999999999999,44,3481,13,402,3896,3940,0.10318275154004107
Augen gneiss,4,Augen Gneiss,45.0,0.625,39,3481,18,402,3901,3940,0.10305049987182774
Augen gneiss,4,Augen Gneiss,45.0,0.7,36,3481,21,402,3904,3940,0.10297131147540983
Augen gneiss,5,Augen Gneiss,60.0,0.1,55,3695,2,188,3885,3940,0.04839124839124839
Augen gneiss,5,Augen Gneiss,60.0,0.175,55,3695,2,188,3885,3940,0.04839124839124839
Augen gneiss,5,Augen Gneiss,60.0,0.25,55,3695,2,188,3885,3940,0.04839124839124839
Augen gneiss,5,Augen Gneiss,60.0,0.32499999999999996,54,3695,3,188,3886,3940,0.048378795676788475
Augen gneiss,5,Augen Gneiss,60.0,0.4,53,3695,4,188,3887,3940,0.04836634936969385
Augen gneiss,5,Augen Gneiss,60.0,0.475,50,3695,7,188,3890,3940,0.04832904884318766
Augen gneiss,5,Augen Gneiss,60.0,0.5499999999999999,40,3695,17,188,3900,3940,0.048205128205128206
Augen gneiss,5,Augen Gneiss,60.0,0.625,35,3695,22,188,3905,3940,0.04814340588988476
Augen gneiss,5,Augen Gneiss,60.0,0.7,30,3695,27,188,3910,3940,0.04808184143222506
Augen gneiss,6,Augen Gneiss,75.0,0.1,154,3716,0,70,3786,3940,0.018489170628631802
Augen gneiss,6,Augen Gneiss,75.0,0.175,154,3714,0,72,3786,3940,0.01901743264659271
Augen gneiss,6,Augen Gneiss,75.0,0.25,154,3711,0,75,3786,3940,0.019809825673534072
Augen gneiss,6,Augen Gneiss,75.0,0.32499999999999996,154,3710,0,76,3786,3940,0.020073956682514528
Augen gneiss,6,Augen Gneiss,75.0,0.4,154,3709,0,77,3786,3940,0.02033808769149498
Augen gneiss,6,Augen Gneiss,75.0,0.475,152,3709,2,77,3788,3940,0.020327349524815207
Augen gneiss,6,Augen Gneiss,75.0,0.5499999999999999,149,3709,5,77,3791,3940,0.020311263518860458
Augen gneiss,6,Augen Gneiss,75.0,0.625,146,3709,8,77,3794,3940,0.02029520295202952
Augen gneiss,6,Augen Gneiss,75.0,0.7,142,3709,12,77,3798,3940,0.020273828330700367
Augen gneiss,7,Augen Gneiss,90.0,0.1,238,3672,0,30,3702,3940,0.008103727714748784
Augen gneiss,7,Augen Gneiss,90.0,0.175,238,3666,0,36,3702,3940,0.009724473257698542
Augen gneiss,7,Augen Gneiss,90.0,0.25,238,3661,0,41,3702,3940,0.011075094543490005
Augen gneiss,7,Augen Gneiss,90.0,0.32499999999999996,236,3657,2,45,3704,3940,0.01214902807775378
Augen gneiss,7,Augen Gneiss,90.0,0.4,234,3654,4,48,3706,3940,0.012951969778737183
Augen gneiss,7,Augen Gneiss,90.0,0.475,230,3646,8,56,3710,3940,0.01509433962264151
Augen gneiss,7,Augen Gneiss,90.0,0.5499999999999999,224,3645,14,57,3716,3940,0.015339074273412271
Augen gneiss,7,Augen Gneiss,90.0,0.625,211,3645,27,57,3729,3940,0.015285599356395816
Augen gneiss,7,Augen Gneiss,90.0,0.7,195,3645,43,57,3745,3940,0.015220293724966623
Psammitic schist,8,Psammatic Schist,0.0,0.1,35,3709,0,196,3905,3940,0.05019206145966709
Psammitic schist,8,Psammatic Schist,0.0,0.175,35,3709,0,196,3905,3940,0.05019206145966709
Psammitic schist,8,Psammatic Schist,0.0,0.25,35,3709,0,196,3905,3940,0.05019206145966709
Psammitic schist,8,Psammatic Schist,0.0,0.32499999999999996,35,3709,0,196,3905,3940,0.05019206145966709
Psammitic schist,8,Psammatic Schist,0.0,0.4,35,3709,0,196,3905,3940,0.05019206145966709
Psammitic schist,8,Psammatic Schist,0.0,0.475,35,3709,0,196,3905,3940,0.05019206145966709
Psammitic schist,8,Psammatic Schist,0.0,0.5499999999999999,35,3709,0,196,3905,3940,0.05019206145966709
Psammitic schist,8,Psammatic Schist,0.0,0.625,35,3709,0,196,3905,3940,0.05019206145966709
Psammitic schist,8,Psammatic Schist,0.0,0.7,35,3709,0,196,3905,3940,0.05019206145966709
Psammitic schist,9,Psammatic Schist,15.0,0.1,41,3676,1,222,3899,3940,0.0569376763272634
Psammitic schist,9,Psammatic Schist,15.0,0.175,41,3676,1,222,3899,3940,0.0569376763272634
Psammitic schist,9,Psammatic Schist,15.0,0.25,40,3676,2,222,3900,3940,0.05692307692307692
Psammitic schist,9,Psammatic Schist,15.0,0.32499999999999996,40,3676,2,222,3900,3940,0.05692307692307692
Psammitic schist,9,Psammatic Schist,15.0,0.4,37,3676,5,222,3903,3940,0.0568793235972329
Psammitic schist,9,Psammatic Schist,15.0,0.475,36,3676,6,222,3904,3940,0.056864754098360656
Psammitic schist,9,Psammatic Schist,15.0,0.5499999999999999,34,3676,8,222,3906,3940,0.05683563748079877
Psammitic schist,9,Psammatic Schist,15.0,0.625,32,3676,10,222,3908,3940,0.05680655066530194
Psammitic schist,9,Psammatic Schist,15.0,0.7,30,3676,12,222,3910,3940,0.05677749360613811
Psammitic schist,10,Psammatic Schist,30.0,0.1,42,3766,11,121,3898,3940,0.0310415597742432
Psammitic schist,10,Psammatic Schist,30.0,0.175,39,3766,14,121,3901,3940,0.03101768777236606
Psammitic schist,10,Psammatic Schist,30.0,0.25,37,3766,16,121,3903,3940,0.031001793492185497
Psammitic schist,10,Psammatic Schist,30.0,0.32499999999999996,35,3766,18,121,3905,3940,0.030985915492957747
Psammitic schist,10,Psammatic Schist,30.0,0.4,33,3766,20,121,3907,3940,0.030970053749680062
Psammitic schist,10,Psammatic Schist,30.0,0.475,32,3766,21,121,3908,3940,0.03096212896622313
Psammitic schist,10,Psammatic Schist,30.0,0.5499999999999999,32,3766,21,121,3908,3940,0.03096212896622313
Psammitic schist,10,Psammatic Schist,30.0,0.625,31,3766,22,121,3909,3940,0.03095420823740087
Psammitic schist,10,Psammatic Schist,30.0,0.7,27,3766,26,121,3913,3940,0.030922565806286738
Psammitic schist,11,Psammatic Schist,45.0,0.1,35,3793,26,86,3905,3940,0.022023047375160053
Psammitic schist,11,Psammatic Schist,45.0,0.175,30,3793,31,86,3910,3940,0.021994884910485932
Psammitic schist,11,Psammatic Schist,45.0,0.25,30,3793,31,86,3910,3940,0.021994884910485932
Psammitic schist,11,Psammatic Schist,45.0,0.32499999999999996,29,3793,32,86,3911,3940,0.0219892610585528
Psammitic schist,11,Psammatic Schist,45.0,0.4,29,3793,32,86,3911,3940,0.0219892610585528
Psammitic schist,11,Psammatic Schist,45.0,0.475,27,3793,34,86,3913,3940,0.02197802197802198
Psammitic schist,11,Psammatic Schist,45.0,0.5499999999999999,25,3793,36,86,3915,3940,0.021966794380587483
Psammitic schist,11,Psammatic Schist,45.0,0.625,23,3793,38,86,3917,3940,0.02195557824865969
Psammitic schist,11,Psammatic Schist,45.0,0.7,21,3793,40,86,3919,3940,0.021944373564684868
Psammitic schist,12,Psammatic Schist,60.0,0.1,46,3794,7,93,3894,3940,0.023882896764252697
Psammitic schist,12,Psammatic Schist,60.0,0.175,45,3794,8,93,3895,3940,0.023876765083440308
Psammitic schist,12,Psammatic Schist,60.0,0.25,45,3794,8,93,3895,3940,0.023876765083440308
Psammitic schist,12,Psammatic Schist,60.0,0.32499999999999996,45,3794,8,93,3895,3940,0.023876765083440308
Psammitic schist,12,Psammatic Schist,60.0,0.4,43,3794,10,93,3897,3940,0.02386451116243264
Psammitic schist,12,Psammatic Schist,60.0,0.475,41,3794,12,93,3899,3940,0.023852269812772504
Psammitic schist,12,Psammatic Schist,60.0,0.5499999999999999,38,3794,15,93,3902,3940,0.023833931317273193
Psammitic schist,12,Psammatic Schist,60.0,0.625,33,3794,20,93,3907,3940,0.023803429741489635
Psammitic schist,12,Psammatic Schist,60.0,0.7,32,3794,21,93,3908,3940,0.023797338792221085
Psammitic schist,13,Psammatic Schist,75.0,0.1,143,3766,0,31,3797,3940,0.008164340268633132
Psammitic schist,13,Psammatic Schist,75.0,0.175,143,3752,0,45,3797,3940,0.0118514616802739
Psammitic schist,13,Psammatic Schist,75.0,0.25,143,3745,0,52,3797,3940,0.013695022386094284
Psammitic schist,13,Psammatic Schist,75.0,0.32499999999999996,142,3742,1,55,3798,3940,0.014481305950500263
Psammitic schist,13,Psammatic Schist,75.0,0.4,140,3735,3,62,3800,3940,0.01631578947368421
Psammitic schist,13,Psammatic Schist,75.0,0.475,137,3728,6,69,3803,3940,0.018143570865106495
Psammitic schist,13,Psammatic Schist,75.0,0.5499999999999999,128,3728,15,69,3812,3940,0.018100734522560336
Psammitic schist,13,Psammatic Schist,75.0,0.625,122,3728,21,69,3818,3940,0.018072289156626505
Psammitic schist,13,Psammatic Schist,75.0,0.7,113,3728,30,69,3827,3940,0.018029788345962895
Psammitic schist,14,Psammatic Schist,90.0,0.1,120,3782,0,38,3820,3940,0.009947643979057591
Psammitic schist,14,Psammatic Schist,90.0,0.175,120,3772,0,48,3820,3940,0.012565445026178011
Psammitic schist,14,Psammatic Schist,90.0,0.25,120,3765,0,55,3820,3940,0.014397905759162303
Psammitic schist,14,Psammatic Schist,90.0,0.32499999999999996,120,3761,0,59,3820,3940,0.015445026178010472
Psammitic schist,14,Psammatic Schist,90.0,0.4,119,3751,1,69,3821,3940,0.01805809997382884
Psammitic schist,14,Psammatic Schist,90.0,0.475,115,3746,5,74,3825,3940,0.01934640522875817
Psammitic schist,14,Psammatic Schist,90.0,0.5499999999999999,110,3745,10,75,3830,3940,0.0195822454308094
Psammitic schist,14,Psammatic Schist,90.0,0.625,105,3745,15,75,3835,3940,0.01955671447196871
Psammitic schist,14,Psammatic Schist,90.0,0.7,96,3745,24,75,3844,3940,0.01951092611862643
